model,scope,n_matches,accuracy,log_loss,brier
logistic,wc:2014,8,0.5,1.0491797899962256,0.6267387482983799
logistic,wc:2018,4,0.0,1.254961030273635,0.7833555913863334
logistic,wc:2022,4,0.5,1.0039299042708567,0.6118333694388597
logistic,walk_forward,1284,0.559190031152648,0.9591935205491037,0.5680280862708442
catboost,wc:2014,8,0.5,1.0683113007000469,0.642160590614702
catboost,wc:2018,4,0.75,0.9520952619730758,0.5719359413618954
catboost,wc:2022,4,0.5,1.0326127457463692,0.6219039488502395
catboost,walk_forward,1284,0.5623052959501558,0.9559276361607516,0.5657626492304973
