year,n_matches,accuracy,log_loss,brier
2014,8,0.5,1.0491797899962256,0.6267387482983799
2018,4,0.0,1.254961030273635,0.7833555913863334
2022,4,0.5,1.0039299042708567,0.6118333694388597
