model,year,n_matches,accuracy,log_loss,brier
logistic,2014,8,0.5,1.0491797899962256,0.6267387482983799
logistic,2018,4,0.0,1.254961030273635,0.7833555913863334
logistic,2022,4,0.5,1.0039299042708567,0.6118333694388597
xgboost,2014,8,0.5,1.2201730550007217,0.6512493498063066
xgboost,2018,4,1.0,0.37215418127546585,0.19511366254955936
xgboost,2022,4,1.0,0.6647012486601045,0.3720540925359492
